{
  "project_info": {
    "project_number": "918202909077",
    "firebase_url": "https://androidteamproject-ee413.firebaseio.com",
    "project_id": "androidteamproject-ee413",
    "storage_bucket": "androidteamproject-ee413.appspot.com"
  },
  "client": [
    {
      "client_info": {
        "mobilesdk_app_id": "1:918202909077:android:bca3f34102105d56fd369c",
        "android_client_info": {
          "package_name": "org.techtown.androidteamproject"
        }
      },
      "oauth_client": [
        {
          "client_id": "918202909077-9rmqba1e61pi1k5epvhbit5u4vcichc7.apps.googleusercontent.com",
          "client_type": 1,
          "android_info": {
            "package_name": "org.techtown.androidteamproject",
            "certificate_hash": "0ee98b77d63cc554825e0d04876b0ad219fc75c2"
          }
        },
        {
          "client_id": "918202909077-0ov03adlml1gurf4s154rckt6r6njdnc.apps.googleusercontent.com",
          "client_type": 3
        }
      ],
      "api_key": [
        {
          "current_key": "AIzaSyBTf9pQoRu2yCMiyJDaMq_UO08a2cD19pM"
        }
      ],
      "services": {
        "appinvite_service": {
          "other_platform_oauth_client": [
            {
              "client_id": "918202909077-0ov03adlml1gurf4s154rckt6r6njdnc.apps.googleusercontent.com",
              "client_type": 3
            }
          ]
        }
      }
    }
  ],
  "configuration_version": "1"
}